{
  "rouge1": 0.36877309816785847,
  "rouge2": 0.1585165698076687,
  "rougeL": 0.2664726424720212,
  "n": 120,
  "model": "sshleifer/distilbart-cnn-6-6"
}